Datetime,Water Level (m)
2025-11-17 06:00:00,-0.028164163
2025-11-17 07:00:00,-0.02259079
2025-11-17 08:00:00,-0.0040181302
2025-11-17 09:00:00,0.022100443
2025-11-17 10:00:00,0.04900335
2025-11-17 11:00:00,0.06724735
2025-11-17 12:00:00,0.070157565
2025-11-17 13:00:00,0.05944347
2025-11-17 14:00:00,0.0396978
2025-11-17 15:00:00,0.01384629
2025-11-17 16:00:00,-0.015417452
2025-11-17 17:00:00,-0.04148689
2025-11-17 18:00:00,-0.05270147
2025-11-17 19:00:00,-0.044467505
2025-11-17 20:00:00,-0.014925238
2025-11-17 21:00:00,0.026674014
2025-11-17 22:00:00,0.06935171
2025-11-17 23:00:00,0.10397981
2025-11-18 00:00:00,0.120927304
2025-11-18 01:00:00,0.120072894
2025-11-18 02:00:00,0.10739957
2025-11-18 03:00:00,0.08683326
2025-11-18 04:00:00,0.060197897
2025-11-18 05:00:00,0.03180621
2025-11-18 06:00:00,0.011428123
2025-11-18 07:00:00,0.00791625
2025-11-18 08:00:00,0.021207195
2025-11-18 09:00:00,0.045759898
2025-11-18 10:00:00,0.07454249
2025-11-18 11:00:00,0.09834257
2025-11-18 12:00:00,0.10712713
2025-11-18 13:00:00,0.10059191
2025-11-18 14:00:00,0.08350411
2025-11-18 15:00:00,0.059067897
2025-11-18 16:00:00,0.029980019
2025-11-18 17:00:00,0.00015960762
2025-11-18 18:00:00,-0.019967116
2025-11-18 19:00:00,-0.02114376
2025-11-18 20:00:00,-0.0002579621
2025-11-18 21:00:00,0.04134677
2025-11-18 22:00:00,0.09069704
2025-11-18 23:00:00,0.13382667
2025-11-19 00:00:00,0.16204761
2025-11-19 01:00:00,0.17022105
2025-11-19 02:00:00,0.16184983
2025-11-19 03:00:00,0.14426255
2025-11-19 04:00:00,0.121029116
2025-11-19 05:00:00,0.09479121
2025-11-19 06:00:00,0.06795604
2025-11-19 07:00:00,0.05243321
2025-11-19 08:00:00,0.054806646
2025-11-19 09:00:00,0.072937556
2025-11-19 10:00:00,0.099709906
2025-11-19 11:00:00,0.12567554
2025-11-19 12:00:00,0.14010672
2025-11-19 13:00:00,0.1390109
2025-11-19 14:00:00,0.12648278
2025-11-19 15:00:00,0.10660291
2025-11-19 16:00:00,0.080473915
2025-11-19 17:00:00,0.04938632
2025-11-19 18:00:00,0.021328472
2025-11-19 19:00:00,0.007973136
2025-11-19 20:00:00,0.016305108
2025-11-19 21:00:00,0.050071497
2025-11-19 22:00:00,0.09884429
2025-11-19 23:00:00,0.1486129
2025-11-20 00:00:00,0.18467708
2025-11-20 01:00:00,0.2047273
2025-11-20 02:00:00,0.20602252
2025-11-20 03:00:00,0.1932143
2025-11-20 04:00:00,0.17153822
2025-11-20 05:00:00,0.14559802
2025-11-20 06:00:00,0.11882597
2025-11-20 07:00:00,0.097982846
2025-11-20 08:00:00,0.09026256
2025-11-20 09:00:00,0.099628985
2025-11-20 10:00:00,0.1220399
2025-11-20 11:00:00,0.14618006
2025-11-20 12:00:00,0.16404788
2025-11-20 13:00:00,0.16820909
2025-11-20 14:00:00,0.15968594
2025-11-20 15:00:00,0.14229006
2025-11-20 16:00:00,0.11936866
2025-11-20 17:00:00,0.09250356
2025-11-20 18:00:00,0.06183767
2025-11-20 19:00:00,0.039462924
2025-11-20 20:00:00,0.036323838
2025-11-20 21:00:00,0.056654617
2025-11-20 22:00:00,0.10020089
2025-11-20 23:00:00,0.15167744
2025-11-21 00:00:00,0.19594924
2025-11-21 01:00:00,0.22488125
2025-11-21 02:00:00,0.23384793
2025-11-21 03:00:00,0.22670294
2025-11-21 04:00:00,0.20891958
2025-11-21 05:00:00,0.1854443
2025-11-21 06:00:00,0.15885325
2025-11-21 07:00:00,0.1332111
2025-11-21 08:00:00,0.11782485
2025-11-21 09:00:00,0.11889552
2025-11-21 10:00:00,0.13396521
2025-11-21 11:00:00,0.15661637
2025-11-21 12:00:00,0.17775936
2025-11-21 13:00:00,0.18744059
2025-11-21 14:00:00,0.18354224
2025-11-21 15:00:00,0.16955204
2025-11-21 16:00:00,0.14908582
2025-11-21 17:00:00,0.12438988
2025-11-21 18:00:00,0.097122
2025-11-21 19:00:00,0.06983008
2025-11-21 20:00:00,0.055149205
2025-11-21 21:00:00,0.062173396
2025-11-21 22:00:00,0.09538838
2025-11-21 23:00:00,0.14441916
2025-11-22 00:00:00,0.19193734
2025-11-22 01:00:00,0.22747658
2025-11-22 02:00:00,0.24689145
2025-11-22 03:00:00,0.24848823
2025-11-22 04:00:00,0.23678277
2025-11-22 05:00:00,0.21616746
2025-11-22 06:00:00,0.19075786
2025-11-22 07:00:00,0.16405202
2025-11-22 08:00:00,0.14205283
2025-11-22 09:00:00,0.13367236
2025-11-22 10:00:00,0.14092235
2025-11-22 11:00:00,0.15959735
2025-11-22 12:00:00,0.1819354
2025-11-22 13:00:00,0.1976981
2025-11-22 14:00:00,0.1995711
2025-11-22 15:00:00,0.19015205
2025-11-22 16:00:00,0.17271174
2025-11-22 17:00:00,0.15049084
2025-11-22 18:00:00,0.12459617
2025-11-22 19:00:00,0.09795072
2025-11-22 20:00:00,0.07542857
2025-11-22 21:00:00,0.069763996
2025-11-22 22:00:00,0.087830044
2025-11-22 23:00:00,0.12981315
2025-11-23 00:00:00,0.17787926
2025-11-23 01:00:00,0.21962707
2025-11-23 02:00:00,0.2478653
2025-11-23 03:00:00,0.25773922
2025-11-23 04:00:00,0.25236124
2025-11-23 05:00:00,0.23621915
2025-11-23 06:00:00,0.21288314
